-- phpMyAdmin SQL Dump
-- version 3.4.9
-- http://www.phpmyadmin.net
--
-- Host: localhost
-- Erstellungszeit: 03. Mrz 2012 um 22:14
-- Server Version: 5.0.77
-- PHP-Version: 5.3.5

SET SQL_MODE="NO_AUTO_VALUE_ON_ZERO";
SET time_zone = "+00:00";


/*!40101 SET @OLD_CHARACTER_SET_CLIENT=@@CHARACTER_SET_CLIENT */;
/*!40101 SET @OLD_CHARACTER_SET_RESULTS=@@CHARACTER_SET_RESULTS */;
/*!40101 SET @OLD_COLLATION_CONNECTION=@@COLLATION_CONNECTION */;
/*!40101 SET NAMES utf8 */;

--
-- Datenbank: `gieglabs`
--

-- --------------------------------------------------------

--
-- Tabellenstruktur für Tabelle `ac`
--

CREATE TABLE IF NOT EXISTS `ac` (
  `ac_id` int(11) NOT NULL auto_increment,
  `ac_value` float NOT NULL,
  `ac_type` char(1) NOT NULL,
  `sport_id` int(11) NOT NULL,
  `ac_gender` char(1) NOT NULL,
  PRIMARY KEY  (`ac_id`),
  KEY `ac_id` (`ac_id`)
) ENGINE=MyISAM  DEFAULT CHARSET=latin1 AUTO_INCREMENT=46 ;

--
-- Daten für Tabelle `ac`
--

INSERT INTO `ac` (`ac_id`, `ac_value`, `ac_type`, `sport_id`, `ac_gender`) VALUES
(1, 3.648, 'a', 1, 'W'),
(2, 0.0066, 'c', 1, 'W'),
(3, 3.79, 'a', 1, 'M'),
(4, 0.0069, 'c', 1, 'M'),
(5, 3.998, 'a', 2, 'W'),
(6, 0.0066, 'c', 2, 'W'),
(7, 4.1, 'a', 2, 'M'),
(8, 0.00664, 'c', 2, 'M'),
(9, 4.0062, 'a', 11, 'W'),
(10, 0.00656, 'c', 11, 'W'),
(11, 4.341, 'a', 11, 'M'),
(12, 0.00676, 'c', 11, 'M'),
(13, 2.0232, 'a', 5, 'W'),
(14, 0.00647, 'c', 5, 'W'),
(15, 2.158, 'a', 5, 'M'),
(16, 0.006, 'c', 5, 'M'),
(17, 1.8, 'a', 7, 'W'),
(18, 0.0054, 'c', 7, 'W'),
(19, 1.784, 'a', 7, 'M'),
(20, 0.006, 'c', 7, 'M'),
(21, 1.75, 'a', 8, 'W'),
(22, 0.005, 'c', 8, 'W'),
(23, 1.7, 'a', 8, 'M'),
(24, 0.0058, 'c', 8, 'M'),
(25, 0.8807, 'a', 9, 'W'),
(26, 0.00068, 'c', 9, 'W'),
(27, 0.841, 'a', 9, 'M'),
(28, 0.0008, 'c', 9, 'M'),
(29, 1.0935, 'a', 10, 'W'),
(30, 0.00208, 'c', 10, 'W'),
(31, 1.15028, 'a', 10, 'M'),
(32, 0.00219, 'c', 10, 'M'),
(33, 1.4149, 'a', 4, 'W'),
(34, 0.01039, 'c', 4, 'W'),
(35, 1.936, 'a', 4, 'M'),
(36, 0.0124, 'c', 4, 'M'),
(37, 2.0232, 'a', 3, 'W'),
(38, 0.00874, 'c', 3, 'W'),
(39, 2.8, 'a', 3, 'M'),
(40, 0.011, 'c', 3, 'M'),
(44, 2.158, 'a', 6, 'W'),
(42, 2.158, 'a', 6, 'M'),
(43, 0.006, 'c', 6, 'W'),
(45, 0.006, 'c', 6, 'M');

-- --------------------------------------------------------

--
-- Tabellenstruktur für Tabelle `classes`
--

CREATE TABLE IF NOT EXISTS `classes` (
  `class_id` int(11) NOT NULL auto_increment,
  `class_name` varchar(3) NOT NULL,
  PRIMARY KEY  (`class_id`)
) ENGINE=MyISAM  DEFAULT CHARSET=latin1 AUTO_INCREMENT=41 ;

--
-- Daten für Tabelle `classes`
--

INSERT INTO `classes` (`class_id`, `class_name`) VALUES
(1, '5a'),
(2, '5b'),
(3, '5c'),
(4, '5d'),
(5, '5e'),
(6, '6a'),
(7, '6b'),
(8, '6c'),
(9, '6d'),
(10, '6e'),
(11, '7a'),
(12, '7b'),
(13, '7c'),
(14, '7d'),
(15, '7e'),
(16, '8a'),
(17, '8b'),
(18, '8c'),
(19, '8d'),
(20, '8e'),
(21, '9a'),
(22, '9b'),
(23, '9c'),
(24, '9d'),
(25, '9e'),
(37, '10e'),
(36, '10d'),
(35, '10c'),
(34, '10b'),
(33, '10a'),
(31, '11'),
(32, '12'),
(38, '11'),
(39, '12'),
(40, '13');

-- --------------------------------------------------------

--
-- Tabellenstruktur für Tabelle `competitors`
--

CREATE TABLE IF NOT EXISTS `competitors` (
  `competitor_id` int(11) NOT NULL auto_increment,
  `competitor_name` varchar(80) NOT NULL,
  `year` int(4) NOT NULL,
  `competitor_gender` char(1) NOT NULL,
  PRIMARY KEY  (`competitor_id`)
) ENGINE=MyISAM DEFAULT CHARSET=latin1 AUTO_INCREMENT=1 ;

-- --------------------------------------------------------

--
-- Tabellenstruktur für Tabelle `conditions`
--

CREATE TABLE IF NOT EXISTS `conditions` (
  `condition_id` int(11) NOT NULL auto_increment,
  `condition_value` varchar(8) NOT NULL,
  `condition_competitor_gender` char(1) NOT NULL,
  `condition_winner` int(5) NOT NULL,
  `condition_honor` int(5) NOT NULL,
  `condition_type` varchar(10) NOT NULL,
  `sport_section` int(11) NOT NULL,
  PRIMARY KEY  (`condition_id`,`condition_value`,`condition_competitor_gender`,`condition_type`,`sport_section`)
) ENGINE=MyISAM  DEFAULT CHARSET=latin1 AUTO_INCREMENT=125 ;

--
-- Daten für Tabelle `conditions`
--

INSERT INTO `conditions` (`condition_id`, `condition_value`, `condition_competitor_gender`, `condition_winner`, `condition_honor`, `condition_type`, `sport_section`) VALUES
(1, '9', 'W', 550, 725, 'years', 1),
(2, '9', 'M', 525, 675, 'years', 1),
(3, '10', 'W', 625, 825, 'years', 1),
(4, '10', 'M', 600, 775, 'years', 1),
(5, '11', 'W', 700, 900, 'years', 1),
(6, '11', 'M', 675, 875, 'years', 1),
(7, '12', 'W', 775, 975, 'years', 1),
(8, '12', 'M', 750, 975, 'years', 1),
(9, '13', 'W', 825, 1025, 'years', 1),
(10, '13', 'M', 825, 1050, 'years', 1),
(11, '14', 'W', 850, 1050, 'years', 1),
(12, '14', 'M', 900, 1125, 'years', 1),
(13, '15', 'W', 875, 1075, 'years', 1),
(14, '15', 'M', 975, 1225, 'years', 1),
(15, '16', 'W', 900, 1100, 'years', 1),
(16, '16', 'M', 1050, 1325, 'years', 1),
(17, '17', 'W', 925, 1125, 'years', 1),
(18, '18', 'W', 950, 1150, 'years', 1),
(19, '19', 'W', 950, 1150, 'years', 1),
(20, '17', 'M', 1125, 1400, 'years', 1),
(21, '18', 'M', 1200, 1475, 'years', 1),
(22, '19', 'M', 1275, 1550, 'years', 1),
(30, '5', 'M', 700, 900, 'classes', 1),
(31, '5', 'W', 675, 875, 'classes', 1),
(32, '6', 'M', 775, 975, 'classes', 1),
(33, '6', 'W', 750, 975, 'classes', 1),
(34, '7', 'M', 825, 1025, 'classes', 1),
(35, '7', 'W', 825, 1050, 'classes', 1),
(36, '8', 'M', 850, 1050, 'classes', 1),
(37, '8', 'W', 900, 1125, 'classes', 1),
(38, '9', 'M', 875, 1075, 'classes', 1),
(39, '9', 'W', 975, 1225, 'classes', 1),
(40, '10', 'M', 900, 1100, 'classes', 1),
(41, '10', 'W', 1050, 1325, 'classes', 1),
(42, '11', 'M', 925, 1125, 'classes', 1),
(43, '11', 'W', 1125, 1400, 'classes', 1),
(44, '12', 'M', 950, 1150, 'classes', 1),
(45, '12', 'W', 1200, 1475, 'classes', 1),
(46, '10', 'M', 15, 27, 'years', 2),
(47, '10', 'W', 15, 27, 'years', 2),
(48, '11', 'W', 15, 27, 'years', 2),
(49, '11', 'M', 15, 27, 'years', 2),
(50, '12', 'M', 15, 27, 'years', 2),
(51, '12', 'W', 15, 27, 'years', 2),
(52, '13', 'M', 15, 27, 'years', 2),
(53, '13', 'W', 15, 27, 'years', 2),
(54, '14', 'W', 15, 27, 'years', 2),
(55, '14', 'M', 15, 27, 'years', 2),
(56, '15', 'M', 15, 27, 'years', 2),
(57, '15', 'W', 15, 27, 'years', 2),
(58, '16', 'M', 27, 15, 'years', 2),
(59, '16', 'W', 15, 27, 'years', 2),
(60, '17', 'M', 15, 27, 'years', 2),
(61, '17', 'W', 15, 27, 'years', 2),
(62, '18', 'M', 15, 27, 'years', 2),
(63, '18', 'W', 15, 27, 'years', 2),
(64, '5', 'W', 15, 27, 'classes', 2),
(65, '5', 'M', 15, 27, 'classes', 2),
(66, '6', 'M', 15, 27, 'classes', 2),
(67, '6', 'W', 15, 27, 'classes', 2),
(68, '6', 'M', 15, 27, 'classes', 2),
(69, '7', 'W', 15, 27, 'classes', 2),
(70, '7', 'M', 15, 27, 'classes', 2),
(71, '8', 'W', 15, 27, 'classes', 2),
(72, '8', 'M', 15, 27, 'classes', 2),
(73, '9', 'W', 15, 27, 'classes', 2),
(74, '9', 'M', 15, 27, 'classes', 2),
(75, '10', 'W', 15, 27, 'classes', 2),
(76, '10', 'M', 15, 27, 'classes', 2),
(77, '11', 'W', 15, 27, 'classes', 2),
(78, '11', 'M', 15, 27, 'classes', 2),
(79, '12', 'M', 15, 27, 'classes', 2),
(80, '12', 'W', 15, 27, 'classes', 2),
(81, '9', 'M', 0, 0, 'years', 3),
(82, '9', 'W', 14, 17, 'years', 3),
(83, '10', 'W', 17, 20, 'years', 3),
(84, '10', 'M', 17, 20, 'years', 3),
(85, '11', 'W', 20, 23, 'years', 3),
(86, '11', 'M', 20, 23, 'years', 3),
(87, '12', 'W', 20, 23, 'years', 3),
(88, '12', 'M', 20, 23, 'years', 3),
(89, '13', 'W', 20, 23, 'years', 3),
(90, '13', 'M', 20, 23, 'years', 3),
(91, '14', 'W', 23, 26, 'years', 3),
(92, '14', 'M', 23, 26, 'years', 3),
(93, '15', 'W', 23, 26, 'years', 3),
(94, '15', 'M', 23, 26, 'years', 3),
(95, '16', 'W', 23, 26, 'years', 3),
(96, '16', 'M', 23, 26, 'years', 3),
(97, '17', 'W', 26, 29, 'years', 3),
(98, '17', 'M', 26, 29, 'years', 3),
(99, '18', 'W', 26, 29, 'years', 3),
(100, '18', 'M', 26, 29, 'years', 3),
(101, '19', 'W', 26, 29, 'years', 3),
(102, '19', 'M', 26, 29, 'years', 3),
(107, '5', 'W', 20, 23, 'classes', 3),
(108, '5', 'M', 20, 23, 'classes', 3),
(109, '6', 'W', 20, 23, 'classes', 3),
(110, '6', 'M', 20, 23, 'classes', 3),
(111, '7', 'W', 20, 23, 'classes', 3),
(112, '7', 'M', 20, 23, 'classes', 3),
(115, '8', 'W', 23, 26, 'classes', 3),
(116, '8', 'M', 23, 26, 'classes', 3),
(117, '9', 'W', 23, 26, 'classes', 3),
(118, '9', 'M', 23, 26, 'classes', 3),
(119, '10', 'W', 23, 26, 'classes', 3),
(120, '10', 'M', 23, 26, 'classes', 3),
(121, '11', 'W', 26, 29, 'classes', 3),
(122, '11', 'M', 26, 29, 'classes', 3),
(123, '12', 'W', 26, 29, 'classes', 3),
(124, '12', 'M', 26, 29, 'classes', 3);

-- --------------------------------------------------------

--
-- Tabellenstruktur für Tabelle `conditions_sports`
--

CREATE TABLE IF NOT EXISTS `conditions_sports` (
  `condition_id` int(11) NOT NULL,
  `sport_id` int(11) NOT NULL,
  `sport_group_id` int(11) NOT NULL,
  PRIMARY KEY  (`condition_id`,`sport_id`,`sport_group_id`)
) ENGINE=MyISAM DEFAULT CHARSET=latin1;

--
-- Daten für Tabelle `conditions_sports`
--

INSERT INTO `conditions_sports` (`condition_id`, `sport_id`, `sport_group_id`) VALUES
(0, 0, 0),
(1, 1, 1),
(1, 3, 2),
(1, 5, 4),
(1, 10, 3),
(2, 1, 1),
(2, 3, 2),
(2, 6, 4),
(2, 10, 3),
(3, 1, 1),
(3, 3, 2),
(3, 7, 4),
(3, 10, 3),
(4, 1, 1),
(4, 3, 2),
(4, 7, 4),
(4, 10, 3),
(5, 1, 1),
(5, 3, 2),
(5, 7, 4),
(5, 10, 3),
(6, 1, 1),
(6, 4, 2),
(6, 7, 4),
(6, 10, 3),
(7, 1, 1),
(7, 3, 2),
(7, 7, 4),
(7, 10, 3),
(8, 1, 1),
(8, 4, 2),
(8, 7, 4),
(8, 10, 3),
(9, 2, 1),
(9, 3, 2),
(9, 7, 4),
(9, 10, 3),
(10, 2, 1),
(10, 4, 2),
(10, 7, 4),
(10, 10, 3),
(11, 2, 1),
(11, 4, 2),
(11, 7, 4),
(11, 10, 3),
(12, 2, 1),
(12, 4, 2),
(12, 8, 4),
(12, 10, 3),
(13, 2, 1),
(13, 4, 2),
(13, 7, 4),
(13, 10, 3),
(14, 2, 1),
(14, 4, 2),
(14, 8, 4),
(14, 10, 3),
(15, 1, 1),
(15, 4, 2),
(15, 8, 4),
(15, 10, 3),
(16, 1, 1),
(16, 4, 2),
(16, 8, 4),
(16, 10, 3),
(17, 1, 1),
(17, 4, 2),
(17, 8, 4),
(17, 10, 3),
(18, 1, 1),
(18, 4, 2),
(18, 8, 4),
(18, 10, 3),
(19, 1, 1),
(19, 4, 2),
(19, 8, 4),
(19, 10, 3),
(20, 1, 1),
(20, 4, 2),
(20, 8, 4),
(20, 10, 3),
(21, 1, 1),
(21, 4, 2),
(21, 8, 4),
(21, 10, 3),
(22, 1, 1),
(22, 4, 2),
(22, 8, 4),
(22, 10, 3),
(30, 1, 1),
(30, 3, 2),
(30, 5, 4),
(30, 10, 3),
(31, 1, 1),
(31, 3, 2),
(31, 5, 4),
(31, 10, 3),
(32, 1, 1),
(32, 3, 2),
(32, 5, 4),
(32, 10, 3),
(33, 1, 1),
(33, 4, 2),
(33, 6, 4),
(33, 9, 3),
(34, 2, 1),
(34, 3, 2),
(34, 7, 4),
(34, 10, 3),
(35, 2, 1),
(35, 4, 2),
(35, 7, 4),
(35, 10, 3),
(36, 2, 1),
(36, 4, 2),
(36, 7, 4),
(36, 10, 3),
(37, 2, 1),
(37, 4, 2),
(37, 8, 4),
(37, 10, 3),
(38, 4, 2),
(38, 7, 4),
(38, 10, 3),
(38, 11, 1),
(39, 4, 2),
(39, 8, 4),
(39, 10, 3),
(39, 11, 1),
(40, 4, 2),
(40, 8, 4),
(40, 10, 3),
(40, 11, 1),
(41, 4, 2),
(41, 8, 4),
(41, 10, 3),
(41, 11, 1),
(42, 4, 2),
(42, 8, 4),
(42, 10, 3),
(42, 11, 1),
(43, 4, 2),
(43, 8, 4),
(43, 10, 3),
(43, 11, 1),
(44, 4, 2),
(44, 8, 4),
(44, 10, 3),
(44, 11, 1),
(45, 4, 2),
(45, 8, 4),
(45, 10, 3),
(45, 11, 1),
(46, 12, 24),
(46, 13, 23),
(46, 14, 22),
(46, 15, 25),
(46, 16, 26),
(47, 12, 24),
(47, 13, 23),
(47, 14, 22),
(47, 15, 25),
(47, 16, 26),
(48, 12, 24),
(48, 13, 23),
(48, 14, 22),
(48, 15, 25),
(48, 16, 26),
(49, 12, 24),
(49, 13, 23),
(49, 14, 22),
(49, 15, 25),
(49, 16, 26),
(50, 12, 24),
(50, 13, 23),
(50, 14, 22),
(50, 15, 25),
(50, 16, 26),
(51, 12, 24),
(51, 13, 23),
(51, 14, 22),
(51, 15, 25),
(51, 16, 26),
(52, 12, 24),
(52, 13, 23),
(52, 14, 22),
(52, 15, 25),
(52, 16, 26),
(53, 12, 24),
(53, 13, 23),
(53, 14, 22),
(53, 15, 25),
(53, 16, 26),
(54, 12, 24),
(54, 14, 22),
(54, 16, 26),
(54, 17, 23),
(54, 18, 25),
(55, 12, 24),
(55, 14, 22),
(55, 16, 26),
(55, 17, 23),
(55, 18, 25),
(56, 12, 24),
(56, 14, 22),
(56, 16, 26),
(56, 17, 23),
(56, 18, 25),
(57, 12, 24),
(57, 14, 22),
(57, 16, 26),
(57, 17, 23),
(57, 18, 25),
(58, 12, 24),
(58, 14, 22),
(58, 16, 26),
(58, 17, 23),
(58, 18, 25),
(59, 12, 24),
(59, 14, 22),
(59, 16, 26),
(59, 17, 23),
(59, 18, 25),
(60, 12, 24),
(60, 14, 22),
(60, 16, 26),
(60, 17, 23),
(60, 18, 25),
(61, 12, 24),
(61, 14, 22),
(61, 16, 26),
(61, 17, 23),
(61, 18, 25),
(62, 12, 24),
(62, 14, 22),
(62, 16, 26),
(62, 17, 23),
(62, 18, 25),
(63, 12, 24),
(63, 14, 22),
(63, 16, 26),
(63, 17, 23),
(63, 18, 25),
(64, 12, 24),
(64, 13, 23),
(64, 14, 22),
(64, 15, 25),
(64, 16, 26),
(65, 12, 24),
(65, 13, 23),
(65, 14, 22),
(65, 15, 25),
(65, 16, 26),
(66, 12, 24),
(66, 13, 23),
(66, 14, 22),
(66, 15, 25),
(67, 12, 24),
(67, 13, 23),
(67, 14, 22),
(67, 15, 25),
(67, 16, 26),
(68, 12, 24),
(68, 13, 23),
(68, 14, 22),
(68, 15, 25),
(68, 16, 26),
(69, 12, 24),
(69, 13, 23),
(69, 14, 22),
(69, 15, 25),
(69, 16, 26),
(70, 12, 24),
(70, 13, 23),
(70, 14, 22),
(70, 15, 25),
(70, 16, 26),
(71, 12, 24),
(71, 14, 22),
(71, 16, 26),
(71, 17, 23),
(71, 18, 25),
(72, 12, 24),
(72, 14, 22),
(72, 16, 26),
(72, 17, 23),
(72, 18, 25),
(73, 12, 24),
(73, 14, 22),
(73, 16, 26),
(73, 17, 23),
(73, 18, 25),
(74, 12, 24),
(74, 14, 22),
(74, 16, 26),
(74, 17, 23),
(74, 18, 25),
(75, 12, 24),
(75, 14, 22),
(75, 16, 26),
(75, 17, 23),
(75, 18, 25),
(76, 12, 24),
(76, 14, 22),
(76, 16, 26),
(76, 17, 23),
(76, 18, 25),
(77, 12, 24),
(77, 14, 22),
(77, 16, 26),
(77, 17, 23),
(77, 18, 25),
(78, 12, 24),
(78, 14, 22),
(78, 16, 26),
(78, 17, 23),
(78, 18, 25),
(79, 12, 24),
(79, 14, 22),
(79, 16, 26),
(79, 17, 23),
(79, 18, 25),
(80, 12, 24),
(80, 14, 22),
(80, 16, 26),
(80, 17, 23),
(80, 18, 25),
(81, 19, 5),
(81, 20, 6),
(81, 21, 7),
(81, 22, 8),
(81, 23, 9),
(81, 24, 10),
(82, 19, 5),
(82, 20, 6),
(82, 21, 7),
(82, 22, 8),
(82, 23, 9),
(82, 24, 10),
(83, 19, 5),
(83, 20, 6),
(83, 21, 7),
(83, 22, 8),
(83, 23, 9),
(83, 24, 10),
(84, 19, 5),
(84, 20, 6),
(84, 21, 7),
(84, 22, 8),
(84, 23, 9),
(84, 24, 10),
(85, 25, 5),
(85, 26, 6),
(85, 27, 7),
(85, 28, 8),
(85, 29, 9),
(85, 30, 10),
(86, 25, 5),
(86, 26, 6),
(86, 27, 7),
(86, 28, 8),
(86, 29, 9),
(86, 30, 10),
(87, 25, 5),
(87, 26, 6),
(87, 27, 7),
(87, 28, 8),
(87, 29, 9),
(87, 30, 10),
(88, 25, 5),
(88, 26, 6),
(88, 27, 7),
(88, 28, 8),
(88, 29, 9),
(88, 30, 10),
(89, 25, 5),
(89, 26, 6),
(89, 27, 7),
(89, 28, 8),
(89, 29, 9),
(89, 30, 10),
(90, 25, 5),
(90, 26, 6),
(90, 27, 7),
(90, 28, 8),
(90, 29, 9),
(90, 30, 10),
(91, 29, 9),
(91, 31, 5),
(91, 32, 6),
(91, 33, 7),
(91, 34, 8),
(91, 35, 10),
(92, 29, 9),
(92, 31, 5),
(92, 32, 6),
(92, 33, 7),
(92, 34, 8),
(92, 35, 10),
(93, 29, 9),
(93, 31, 5),
(93, 32, 6),
(93, 33, 7),
(93, 34, 8),
(93, 35, 10),
(94, 29, 9),
(94, 31, 5),
(94, 32, 6),
(94, 33, 7),
(94, 34, 8),
(94, 35, 10),
(95, 29, 9),
(95, 31, 5),
(95, 32, 6),
(95, 33, 7),
(95, 34, 8),
(95, 35, 10),
(96, 29, 9),
(96, 31, 5),
(96, 32, 6),
(96, 33, 7),
(96, 34, 8),
(96, 35, 10),
(97, 36, 5),
(97, 37, 6),
(97, 38, 7),
(97, 39, 8),
(97, 40, 9),
(97, 41, 10),
(98, 36, 5),
(98, 37, 6),
(98, 38, 7),
(98, 39, 8),
(98, 40, 9),
(98, 41, 10),
(99, 36, 5),
(99, 37, 6),
(99, 38, 7),
(99, 39, 8),
(99, 40, 9),
(99, 41, 10),
(100, 36, 5),
(100, 37, 6),
(100, 38, 7),
(100, 39, 8),
(100, 40, 9),
(100, 41, 10),
(101, 36, 5),
(101, 37, 6),
(101, 38, 7),
(101, 39, 8),
(101, 40, 9),
(101, 41, 10),
(102, 36, 5),
(102, 37, 6),
(102, 38, 7),
(102, 39, 8),
(102, 40, 9),
(102, 41, 10),
(107, 25, 5),
(107, 26, 6),
(107, 27, 7),
(107, 28, 8),
(107, 29, 9),
(107, 30, 10),
(108, 25, 5),
(108, 26, 6),
(108, 27, 7),
(108, 28, 8),
(108, 29, 9),
(108, 30, 10),
(109, 25, 5),
(109, 26, 6),
(109, 27, 7),
(109, 28, 8),
(109, 29, 9),
(109, 30, 10),
(110, 25, 5),
(110, 26, 6),
(110, 27, 7),
(110, 28, 8),
(110, 29, 9),
(110, 30, 10),
(111, 25, 5),
(111, 26, 6),
(111, 27, 7),
(111, 28, 8),
(111, 29, 9),
(111, 30, 10),
(112, 25, 5),
(112, 26, 6),
(112, 27, 7),
(112, 28, 8),
(112, 29, 9),
(112, 30, 10),
(115, 29, 9),
(115, 31, 5),
(115, 32, 6),
(115, 33, 7),
(115, 34, 8),
(115, 35, 10),
(116, 29, 9),
(116, 31, 5),
(116, 32, 6),
(116, 33, 7),
(116, 34, 8),
(116, 35, 10),
(117, 29, 9),
(117, 31, 5),
(117, 32, 6),
(117, 33, 7),
(117, 34, 8),
(117, 35, 10),
(118, 29, 9),
(118, 31, 5),
(118, 32, 6),
(118, 33, 7),
(118, 34, 8),
(118, 35, 10),
(119, 29, 9),
(119, 31, 5),
(119, 32, 6),
(119, 33, 7),
(119, 34, 8),
(119, 35, 10),
(120, 29, 9),
(120, 31, 5),
(120, 32, 6),
(120, 33, 7),
(120, 34, 8),
(120, 35, 10),
(121, 36, 5),
(121, 37, 6),
(121, 38, 7),
(121, 39, 8),
(121, 40, 9),
(121, 41, 10),
(122, 36, 5),
(122, 37, 6),
(122, 38, 7),
(122, 39, 8),
(122, 40, 9),
(122, 41, 10),
(123, 36, 5),
(123, 37, 6),
(123, 38, 7),
(123, 39, 8),
(123, 40, 9),
(123, 41, 10),
(124, 36, 5),
(124, 37, 6),
(124, 38, 7),
(124, 39, 8),
(124, 40, 9),
(124, 41, 10);

-- --------------------------------------------------------

--
-- Tabellenstruktur für Tabelle `contests`
--

CREATE TABLE IF NOT EXISTS `contests` (
  `contest_id` int(11) NOT NULL auto_increment,
  `contest_name` varchar(60) NOT NULL,
  `contest_year` int(4) NOT NULL,
  `contest_sport_section` int(11) NOT NULL,
  `contest_conditon_type` varchar(10) NOT NULL,
  `used` tinyint(1) NOT NULL,
  PRIMARY KEY  (`contest_id`)
) ENGINE=MyISAM DEFAULT CHARSET=latin1 AUTO_INCREMENT=1 ;

-- --------------------------------------------------------

--
-- Tabellenstruktur für Tabelle `contests_sport_groups`
--

CREATE TABLE IF NOT EXISTS `contests_sport_groups` (
  `contest_id` int(11) NOT NULL,
  `sport_group_id` int(11) NOT NULL
) ENGINE=MyISAM DEFAULT CHARSET=latin1;

-- --------------------------------------------------------

--
-- Tabellenstruktur für Tabelle `settings`
--

CREATE TABLE IF NOT EXISTS `settings` (
  `setting_key` varchar(255) NOT NULL,
  `setting_group` varchar(255) NOT NULL default 'general',
  `setting_label` varchar(255) default NULL,
  `setting_type` enum('text','integer','float','textarea','select','radio','checkbox','bool') NOT NULL default 'text',
  `setting_value` text NOT NULL,
  PRIMARY KEY  (`setting_key`)
) ENGINE=MyISAM DEFAULT CHARSET=utf8;

--
-- Daten für Tabelle `settings`
--

INSERT INTO `settings` (`setting_key`, `setting_group`, `setting_label`, `setting_type`, `setting_value`) VALUES
('move_x_axis', 'file-printing', 'Verschiebung der X Achse', 'integer', '-90'),
('move_y_axis', 'file-printing', 'Verschiebung der y Achse', 'integer', '-90'),
('gcp', 'printing', 'Google-Cloud-Print', 'bool', ''),
('printer', 'printing', 'Drucker', 'text', 'default'),
('timekeeping', 'evaluation', 'Art der Zeitmessung', 'integer', '1');

-- --------------------------------------------------------

--
-- Tabellenstruktur für Tabelle `sports`
--

CREATE TABLE IF NOT EXISTS `sports` (
  `sport_id` int(11) NOT NULL auto_increment,
  `sport_name` varchar(200) NOT NULL,
  `sport_group_id` int(2) NOT NULL,
  PRIMARY KEY  (`sport_id`)
) ENGINE=MyISAM  DEFAULT CHARSET=latin1 AUTO_INCREMENT=85 ;

--
-- Daten für Tabelle `sports`
--

INSERT INTO `sports` (`sport_id`, `sport_name`, `sport_group_id`) VALUES
(1, '50m', 1),
(2, '75m', 1),
(3, '80g', 2),
(4, '200g', 2),
(5, '800m', 4),
(6, '1000m', 4),
(7, '2000m', 4),
(8, '3000m', 4),
(9, 'Hochsprung', 3),
(10, 'Weitsprung', 3),
(11, '100m', 1),
(12, '50m', 24),
(13, '50m', 23),
(14, 'Streckentauchen', 22),
(15, '25m', 25),
(16, '100m', 26),
(17, '100m', 23),
(18, '50m', 25),
(19, 'Rolle vor, Handstand, Rad', 5),
(20, 'Aufschwung, Knieaufschwung, Unterschwung aus dem Stand', 6),
(21, 'Vorschwung aus Grätsche, Schwingen im Stütz, Rückschwung, Hockwende', 7),
(22, 'Hockwende, Stecksprung m. Fußwechsel, Pferdchensprung', 8),
(23, 'Bock: Sprungrätsche (1.m.)', 9),
(24, 'Schattenrolle', 10),
(25, 'Sprungrolle, Handstand-Abrollen, Radwende', 5),
(26, 'Aufschwung, Hüftumschwung, Unterschwung', 6),
(27, 'Kippe in Grätschsitz, Schwingen im Stütz, Hohe Wende', 7),
(28, 'Aufgang: Hocken, Standwaage, Abgang: Grätwinkelsprung', 8),
(29, 'Sprunghocke (1.10. m)', 9),
(30, 'Synchronräder', 10),
(31, 'Handstand-Abrollen, Rolle rückwärts d. Handstand, Radwende', 5),
(32, 'Aufzug, Hüftumschwung, Unterschwung aus Stütz', 6),
(33, 'Aus Sitz: Oberarmstand u. Abrollen vorwärts', 7),
(34, 'Aufgang: Durchhocken, Scherhandstand, Abgang: Radwende', 8),
(35, 'Gruppenübung an gewähltem Gerät', 10),
(36, 'Radwende-Grätschsprung, Felgrolle, Handstütz-Überschlag', 5),
(37, 'Kippaufschwung, Hüftumschwung, Saltoabgang', 6),
(38, 'Oberarmkippe, Schwungstemme im Stütz, Kreishockwende', 7),
(39, 'Aufgang: Auflauf aus Schrägstand, Handstand, Abgang: Handstütz-Überschlag', 8),
(40, 'Pferd (1.2 m.) Handstützsprungüberschlag', 9),
(41, 'Fließendes Minitrampolinspringen', 10);

-- --------------------------------------------------------

--
-- Tabellenstruktur für Tabelle `sport_groups`
--

CREATE TABLE IF NOT EXISTS `sport_groups` (
  `sport_group_id` int(11) NOT NULL auto_increment,
  `sport_group_name` varchar(80) NOT NULL,
  `sport_section` int(11) NOT NULL,
  `calcus` int(1) NOT NULL,
  PRIMARY KEY  (`sport_group_id`)
) ENGINE=MyISAM  DEFAULT CHARSET=latin1 AUTO_INCREMENT=74 ;

--
-- Daten für Tabelle `sport_groups`
--

INSERT INTO `sport_groups` (`sport_group_id`, `sport_group_name`, `sport_section`, `calcus`) VALUES
(1, 'Sprint', 1, 2),
(2, 'Werfen', 1, 3),
(3, 'Sprung', 1, 3),
(4, 'Ausdauer', 1, 1),
(5, 'Boden', 3, 0),
(6, 'Reck', 3, 0),
(7, 'Barren', 3, 0),
(8, 'Balancieren', 3, 0),
(9, 'Sprung', 3, 0),
(10, 'Miteinander', 3, 4),
(26, 'Brust / Kraul', 2, 0),
(25, 'Schmetterling', 2, 0),
(24, 'Freistil', 2, 0),
(23, 'Rücken', 2, 0),
(22, 'Tauchen', 2, 0);

-- --------------------------------------------------------

--
-- Tabellenstruktur für Tabelle `sport_sections`
--

CREATE TABLE IF NOT EXISTS `sport_sections` (
  `sport_section_id` int(11) NOT NULL auto_increment,
  `sport_section_name` varchar(60) NOT NULL,
  PRIMARY KEY  (`sport_section_id`)
) ENGINE=MyISAM  DEFAULT CHARSET=latin1 AUTO_INCREMENT=4 ;

--
-- Daten für Tabelle `sport_sections`
--

INSERT INTO `sport_sections` (`sport_section_id`, `sport_section_name`) VALUES
(1, 'Leichtathletik'),
(2, 'Schwimmen'),
(3, 'Gerätturnen');

/*!40101 SET CHARACTER_SET_CLIENT=@OLD_CHARACTER_SET_CLIENT */;
/*!40101 SET CHARACTER_SET_RESULTS=@OLD_CHARACTER_SET_RESULTS */;
/*!40101 SET COLLATION_CONNECTION=@OLD_COLLATION_CONNECTION */;
